Point_ID,Output
1,-0.619494299297
2,-0.423222002617
3,-0.217782196433
4,-0.142496931758
5,-0.388136566748
6,-0.134570244598
7,-0.00864506926049
8,-0.0178537619001
9,0.0184923993355
10,-0.0147914962223
11,-0.0508445098025
12,-0.137474064214
13,-0.0898272793656
14,-0.153572813863
15,-0.309289963559
16,-0.259417586214
17,-0.343003861766
18,-0.415111484072
19,-0.466711603455
20,-0.508434402424
21,-0.519973270023
22,-0.561226512858
23,-0.150708403745
24,-0.325086511967
25,-0.493449714285
26,0.0109056445161
27,0.0247742668401
28,0.151788957516
29,0.105702828745
30,0.150543803164
31,0.197393567001
32,0.327742544918
33,0.473405382069
34,0.320299512833
35,0.458665929627
36,0.424822276165
37,0.444333115974
38,0.417015055836
39,0.346689340625
40,0.116680051922
41,0.264622714962
42,-0.0672289858514
43,-0.22556825953
44,-0.33217684619
45,-0.389401652006
46,-0.30296912536
47,-0.378672329539
48,-0.387070011643
49,-0.317630690372
50,-0.163854551612
51,0.183619400288
52,-0.0189452264882
53,0.224816605152
54,0.281243698186
55,0.405309560448
56,0.431615262221
57,0.53148294048
58,0.615146757691
59,0.826769376647
60,0.689350130953
61,0.773824526702
62,0.52990822324
63,0.18839949931
64,-0.0106234353987
65,-0.343687756664
66,-0.600632373666
67,-0.635032778746
68,-0.851099808903
69,-1.07509014234
70,-1.07015927778
71,-1.11350030145
72,-1.07466078931
73,-0.647964313591
74,-0.738455387363
75,-0.459795719226
76,-0.172546452683
77,-0.0109920596055
78,-0.155126674114
79,0.0742075726166
80,-0.232051618319
81,-0.0870927996112
82,-0.101914556233
83,0.00754115240606
84,-0.0212595664736
85,0.0228225185729
86,-0.175184486285
87,-0.217015480108
88,-1.05474866208
89,-1.19924821709
90,-0.988510243189
91,-0.819280969466
92,-0.484723546323
93,-0.418486186761
94,-0.256363045147
95,-0.107927563076
96,-0.388371433925
97,-0.670577177675
98,-1.17926599504
99,-1.11798794468
100,-0.748565775434
101,-0.804215537036
102,-0.684385293877
103,-0.659031577926
104,-0.758707787043
105,-0.945971195637
106,-0.877200265161
107,-1.16369520171
108,-1.0613063199
109,-0.984003136244
110,-1.15845230315
111,-1.12230144436
112,-0.943090136866
113,-0.931676794197
114,-0.804086934148
115,-0.656207456058
116,-0.70110506436
117,-0.789088331781
118,-0.730113719937
119,-0.793550274366
120,-0.971056654789
121,-0.953463301077
122,-1.06210249985
123,-1.03129161264
124,-1.04126272625
125,-1.1033613378
126,-1.08036135109
127,-1.05065180393
128,-1.02582315974
129,-1.03403182516
130,-1.01492382878
131,-0.979203684353
132,-0.933724021761
133,-0.918173211603
134,-0.6842639095
135,-0.552341049587
136,-0.175202342616
137,0.112517194503
138,0.217886685928
139,0.344956322958
140,0.301124767721
141,0.329004696614
142,0.251592338385
143,0.0873515635915
144,-0.0976767642124
145,-0.428152022333
146,-0.673474116461
147,-0.787221092209
148,-1.00958216075
149,-1.05015903386
150,-1.12719449255
151,-1.18731562883
152,-1.04380452124
153,-1.14512529485
154,-0.801740461637
155,-1.05754619631
156,-1.10063091761
157,-0.788870167657
158,-0.161034579543
159,0.082803266926
160,0.175597691227
161,0.264914627055
162,0.265323538225
163,0.337102097759
164,0.357854721836
165,0.423465145189
166,0.146348946832
167,0.0107734810789
168,-0.389897555157
169,-0.909559547056
170,-1.13490222803
171,-0.964462055911
172,-1.08918930889
173,-1.05533353857
174,-1.075170936
175,-0.991555072463
176,-1.06652523973
177,-0.995298520125
178,-0.911170811693
179,-1.18441651499
180,-1.01125364045
181,-0.684717900783
182,-0.326587280159
183,0.105186110876
184,0.395137382969
185,0.456947748101
186,0.560373911173
187,0.637859659239
188,1.0076919943
189,0.546079558558
190,0.579363108929
191,0.410064473616
192,0.0396986916521
193,-0.639270314848
194,-0.924376431338
195,-1.04757892988
196,-1.11163825207
197,-0.994399444049
198,-1.11620308568
199,-1.04630138576
200,-1.11599477653
201,-1.11881027403
202,-1.0829990682
203,-1.06321228379
204,-1.04675888934
205,-0.733015100268
206,-0.645204987244
207,-0.550320293341
208,-0.2055594156
209,-0.00999750500573
210,0.103489986149
211,0.171621509787
212,0.187580859399
213,0.151628496154
214,0.0966552648788
215,-0.0556221546879
216,-0.335540236215
217,-0.601477705605
218,-0.925242799678
219,-0.947666577649
220,-1.0370183001
221,-1.101131793
222,-1.12016215353
223,-1.05615558773
224,-1.0835336877
225,-1.04787916595
226,-0.942373865253
227,-1.07808722803
228,-1.02530457466
229,-0.84679562151
230,-0.567348723347
231,-0.318693117007
232,-0.101481134361
233,0.204908762055
234,0.230794127303
235,0.56438528548
236,0.512220533645
237,0.467023881646
238,0.39790735829
239,0.333914790411
240,-0.0689065364962
241,-0.713417282271
242,-0.961512000003
243,-1.07110351275
244,-0.941569173618
245,-1.12693880211
246,-1.10553946455
247,-1.08917623063
248,-0.958044263595
249,-1.06460828234
250,-1.08980222365
251,-1.15058738409
252,-0.993230584811
253,-0.747174700671
254,-0.461347038315
255,0.0165178107666
256,0.241136430245
257,0.438729796412
258,0.598790453802
259,0.524544013263
260,0.624225711279
261,0.56437934992
262,0.443357288176
263,0.437325155965
264,0.00220047242296
265,-0.480591109367
266,-0.754766611095
267,-0.866882451601
268,-0.8334179911
269,-0.946734267976
270,-1.04789870583
271,-1.09675942406
272,-1.07324563951
273,-1.12083500964
274,-1.1606257614
275,-1.01676082236
276,-0.804943958718
277,-0.493644030582
278,-0.0471398934888
279,0.280605620274
280,0.490964754342
281,0.752783505768
282,0.85807071771
283,0.852114666302
284,0.688852874568
285,0.681833688392
286,0.650416678879
287,0.409078359745
288,0.236865884209
289,-0.13964889848
290,-0.505360645144
291,-0.405095902856
292,-0.568332777573
293,-0.601082696116
294,-0.707267900964
295,-0.797897825095
296,-0.937326281168
297,-0.891492517689
298,-1.0418938226
299,-0.765085319133
300,-0.502048817415
301,1.59191209727
302,1.25830234603
303,0.902696978503
304,0.522398390001
305,0.207270959651
306,0.141384341296
307,-0.0752873689259
308,-0.0780755141222
309,-0.211346713379
310,-0.387281650641
311,-0.21291407682
312,-0.415701031184
313,-0.369662031128
314,-0.326231094805
315,-0.376504662365
316,-0.344789017887
317,-0.00352874390367
318,0.0285396076758
319,0.00480457561727
320,-0.0366819648363
321,-0.193828773208
322,-0.144532697385
323,-0.415089860517
324,-0.605856411677
325,-0.646213630473
326,-0.575738052916
327,-0.694483345962
328,-0.811891535547
329,-0.966513929666
330,-0.918708249042
331,-1.05213732674
332,-0.982946733193
333,-1.00855822323
334,-1.03992684046
335,-1.05659970785
336,-0.942897762907
337,-1.0324834259
338,-1.05413462616
339,-1.12832209519
340,-1.05017555766
341,-1.04982281117
342,-1.01677686953
343,-0.903234102089
344,-0.911847123472
345,-0.685060486592
346,-0.681075366388
347,-0.664453337338
348,-0.390115360667
349,-0.618077484621
350,-0.732773326512
351,-0.813839811023
352,-1.01204891855
353,-1.04034462816
354,-0.942869753359
355,-0.791717603913
356,-0.81016591979
357,-0.775210679438
358,-0.640906245577
359,-0.690466975878
360,-0.584580492653
361,-0.621810306802
362,-0.658134794494
363,-0.618522244214
364,-0.788318433422
365,-1.06510354788
366,-0.936345061999
367,-0.708793793106
368,-0.519777012828
369,-0.388774528322
370,-0.365810081226
371,-0.312723610156
372,-0.0483136633048
373,-0.0609438240105
374,-0.0291278352927
375,-0.360968842933
376,-0.991498722338
377,-1.10845362579
378,-1.02331711319
379,-0.742664226505
380,-0.752667944613
381,-0.91460018957
382,-0.865963726375
383,-0.772545440591
384,-0.703535726141
385,-0.714540383362
386,-0.577845350189
387,-0.606988199861
388,-1.00652646976
389,-1.03225305824
390,-0.799088698475
391,-0.254917254864
392,0.0041297483615
393,0.224676191291
394,0.356149811421
395,0.520324673205
396,0.414070014688
397,0.425799412105
398,0.483665610655
399,0.139552692122
400,-0.535660069518
401,-0.960268876202
402,-0.951478486387
403,-0.867680545309
404,-0.956884008262
405,-0.918641087552
406,-1.00337732846
407,-0.940974050919
408,-0.93147509146
409,-0.702523135523
410,-0.660482213643
411,-0.950498156419
412,-0.991655852714
413,-0.980416350035
414,-0.919055791227
415,-0.748817123643
416,-0.823903209004
417,-0.884658918585
418,-0.87488625005
419,-0.905783266517
420,-0.568954716021
421,-0.981994669756
422,-0.905227886519
423,-0.979522125093
424,-0.750442170692
425,-0.944223260772
426,-0.655551371275
427,-0.583878335149
428,-0.79235100741
429,-0.765985254488
430,-1.18217972612
431,-0.97865222979
432,-0.856910197873
433,-0.779357470639
434,-0.872483796203
435,-0.889461496213
436,-0.924247729267
437,-0.890557438628
438,-0.899980510225
439,-0.912536593337
440,-0.910747290783
441,-0.965066263051
442,-0.722467635958
443,-1.01054720411
444,-0.908574390358
445,-0.795553244566
446,-0.777917236229
447,-0.977804212053
448,-0.769467121943
449,-0.790601867458
450,-0.955413804272
451,-1.05115001588
452,-0.963008038849
453,-0.886835217068
454,-0.969797598834
455,-0.7514531749
456,-0.920017686252
457,-0.799802796919
458,-1.15077520136
459,-0.656426946999
460,-0.933483238547
461,-0.72142434187
462,-0.871550221066
463,-0.7477532229
464,-1.10175213566
465,-0.91587852787
466,-0.737023532322
467,-0.980638714212
468,-0.833692085879
469,-0.766391975163
470,-0.694099492116
471,-0.833695733435
472,-0.901059876628
473,-1.02815042581
474,-0.887830325232
475,-0.569793410917
476,-0.969457073705
477,-0.81208483501
478,-0.841056693968
479,-1.04857391939
480,-0.934650276545
481,-0.719284736152
482,-0.836656559599
483,-0.845834664165
484,-0.832753847511
485,-0.648980070206
486,-0.907201323685
487,-0.833332620062
488,-0.924100662386
489,-0.933139014681
490,-0.934671550882
491,-0.87404071078
492,-0.875212185422
493,-0.727253432115
494,-0.696470218116
495,-0.746644461425
496,-1.06451013601
497,-0.937891067026
498,-1.00794565115
499,-0.712280619103
500,-0.963497452094
501,-0.670244357495
502,-0.662450644299
503,-0.654946391156
504,-0.452990385766
505,-0.514826440608
506,-0.658949350873
507,-0.596803480417
508,-0.578936096028
509,-0.571587946151
510,-0.564452749936
511,-0.662356142742
512,-0.366672777503
513,-0.486639402438
514,-0.797665570747
515,-0.452671469739
516,-0.479113284436
517,-0.749336512699
518,-0.689936827179
519,-0.630416486428
520,-0.615986454649
521,-0.485056309239
522,-0.655570158292
523,-0.56689690201
524,-0.758096027856
525,-0.611841151176
526,-0.486012894375
527,-0.541268073647
528,-0.579624575818
529,-0.662715870795
530,-0.503316873191
531,-0.506627935299
532,-0.509472366041
533,-0.45975570805
534,-0.662129665806
535,-0.53607017064
536,-0.752679546827
537,-0.690768976081
538,-0.562633499152
539,-0.568939805875
540,-0.714071704915
541,-0.700691513636
542,-0.500020984875
543,-0.477039847207
544,-0.576808253123
545,-0.560686754271
546,-0.445893112983
547,-0.51399283405
548,-0.648173603725
549,-0.693139071663
550,-0.448951231626
551,-0.592183779021
552,-0.553877989829
553,-0.619585810743
554,-0.579971694467
555,-0.636360628361
556,-0.39616974657
557,-0.672736648567
558,-0.66931051473
559,-0.382102176931
560,-0.498946285272
561,-0.333396638203
562,-0.466584958819
563,-0.583929888342
564,-0.528276820808
565,-0.602584021905
566,-0.450546282949
567,-0.512174941072
568,-0.523781519464
569,-0.403388651385
570,-0.451580600257
571,-0.686144507009
572,-0.4875247322
573,-0.613975249974
574,-0.688541501853
575,-0.542183944361
576,-0.655727650107
577,-0.453957903278
578,-0.57326656846
579,-0.581793743752
580,-0.699736859442
581,-0.517071728443
582,-0.487089513174
583,-0.598261264789
584,-0.668924847085
585,-0.470838728474
586,-0.686977796604
587,-0.617656652856
588,-0.517258777652
589,-0.531627538111
590,-0.485912314674
591,-0.498109778446
592,-0.704676273515
593,-0.641574805186
594,-0.720818034968
595,-0.445831488779
596,-0.704541978262
597,-0.551329845807
598,-0.433483879513
599,-0.161813689797
600,-0.615594223411
601,-0.617278907712
602,-0.608203968148
603,-0.658141263224
604,-0.735608572055
605,-0.68061384053
606,-0.713690133726
607,-0.662662310737
608,-0.755509681712
609,-0.614431724074
610,-0.593773663636
611,-0.557535287813
612,-0.615926076434
613,-0.686446065682
614,-0.190110616806
615,-0.594592245362
616,-0.75345425479
617,-0.590847997895
618,-0.609731873931
619,-0.602495398874
620,-0.629024416577
621,-0.658906032856
622,-0.647995705195
623,-0.57349127278
624,-0.475771447822
625,-0.24493327399
626,-0.0530980459555
627,0.181221600731
628,0.284657740661
629,0.294187899813
630,0.230195965702
631,0.185422239575
632,-0.327844317327
633,-0.578738065284
634,-0.625572623102
635,-0.685354045587
636,-0.635784524021
637,-0.703333881867
638,-0.621772323204
639,-0.686614254384
640,-0.587683569656
641,-0.900657344806
642,-0.548809874061
643,-0.561246395811
644,-0.671535859569
645,-0.478498121452
646,0.0256740220936
647,0.730658597494
648,0.852927197428
649,1.10498344133
650,1.29272859965
651,1.47267721657
652,1.23184424643
653,1.31098240079
654,1.3820261579
655,1.04462502976
656,0.622121752238
657,-0.0807217667114
658,-0.393760178997
659,-0.450390811667
660,-0.553925745178
661,-0.63641392691
662,-0.573668671802
663,-0.627272380254
664,-0.634777823931
665,-0.631753441305
666,-0.749276293379
667,-0.72343350376
668,-0.446234637604
669,0.294311042904
670,1.04356990115
671,1.28079620697
672,1.6135487534
673,1.81181857969
674,1.83933955457
675,1.61259061075
676,1.62016023727
677,1.49342084612
678,1.34675366975
679,1.19588062937
680,0.649268701941
681,0.112175425804
682,0.185787161458
683,-0.472931096662
684,-0.548989927959
685,-0.596170295071
686,-0.674614249397
687,-0.62670458218
688,-0.692493787697
689,-0.668645026364
690,-0.65845298606
691,-0.578620446835
692,-0.53328568788
693,-0.197127711111
694,0.184543813078
695,0.592203025826
696,0.923613348968
697,1.08902555734
698,1.41842908928
699,1.43115727508
700,1.27828387368
701,0.455718341332
702,0.575761573655
703,0.682864089602
704,0.729855714879
705,0.694364163377
706,0.548003872275
707,0.197610568326
708,0.135748156763
709,-0.0172058209912
710,-0.332289814146
711,-0.393708607116
712,-0.499290457897
713,-0.497278831326
714,-0.462877181154
715,-0.611646813691
716,-0.506669136092
717,-0.547545848397
718,-0.536450846287
719,-0.496157406372
720,-0.438903477342
721,-0.381201748692
722,-0.231113659829
723,0.00112302672807
724,0.134092647715
725,0.419563161822
726,0.396297631245
727,0.447407759626
728,0.618087577326
729,0.440875563312
730,0.296677088653
731,0.277378376275
732,0.0312237743104
733,-0.402433103562
734,-0.501653659608
735,-0.562254068642
736,-0.548892651736
737,-0.623880641562
738,-0.645361778924
739,-0.685818868198
740,-0.612044741077
741,-0.597538229199
742,-0.570755366952
743,-0.6485611154
744,-0.518560036342
745,-0.460511194921
746,-0.0196166163281
747,0.717282223566
748,0.776185698927
749,1.06221750492
750,1.15573482935
751,1.3613935657
752,1.20420463945
753,1.34584224928
754,1.17849543723
755,0.991686719794
756,0.42655890626
757,-0.365350746422
758,-0.511911293937
759,-0.548635295369
760,-0.557263444358
761,-0.692309909666
762,-0.61100159719
763,-0.620062129464
764,-0.746203446613
765,-0.555105885341
766,-0.574555210697
767,-0.54995040787
768,-0.492402627703
769,0.075050333493
770,0.680760428225
771,1.15280659632
772,1.59702913919
773,1.750629099
774,1.92110765628
775,2.15432168153
776,2.0370268902
777,1.91285245442
778,1.99561467059
779,1.70744523777
780,1.17877158324
781,0.554851209483
782,-0.00711277254597
783,-0.0839842460747
784,-0.321145352541
785,-0.337800029956
786,-0.37792655764
787,-0.415247973943
788,-0.524573693836
789,-0.481240963178
790,-0.524345315511
791,-0.501501153835
792,0.0534485901597
793,0.897463014049
794,1.20488193104
795,1.46358818106
796,1.71706097035
797,1.85990002772
798,2.11373518136
799,2.44437693676
800,2.31755768884
801,-0.482617551147
802,-0.530239600054
803,-0.474203896122
804,-0.484535642921
805,-0.445833352002
806,-0.411707300729
807,-0.442788019618
808,-0.420147242002
809,-0.458470334358
810,-0.434240137865
811,-0.46583617106
812,-0.419809070257
813,-0.381953095631
814,-0.393572428362
815,-0.344947606928
816,-0.331776529369
817,-0.403660669075
818,-0.538096744823
819,-0.57615074088
820,-0.63411719651
821,-0.557815229168
822,-0.505083045316
823,-0.52290098257
824,-0.687077787853
825,-0.570449834514
826,-0.533032622252
827,-0.567506554651
828,-0.456091679121
829,-0.55801606758
830,-0.438221489675
831,-0.512552631161
832,-0.75857291973
833,-0.660244087982
834,-0.56557511538
835,-0.647320325168
836,-0.699472144425
837,-0.458758426416
838,-0.548455674451
839,-0.601162033305
840,-0.514223466695
841,-0.537919512337
842,-0.533647838918
843,-0.468373961121
844,-0.571745993167
845,-0.593378471504
846,-0.783338382936
847,-0.589063800256
848,-0.563796819249
849,-0.556498037709
850,-0.676822558382
851,-0.56153477776
852,-0.534712965529
853,-0.555807034917
854,-0.439527575439
855,-0.563170255133
856,-0.42121401203
857,-0.598941826047
858,-0.528027971112
859,-0.525860104819
860,-0.609846443986
861,-0.585087488558
862,-0.656500535257
863,-0.681224447603
864,-0.768221223599
865,-0.759986974046
866,-0.519327587484
867,-0.567315998946
868,-0.521019394981
869,-0.548895952719
870,-0.568383525269
871,-0.537803154897
872,-0.840345651454
873,-0.547219071255
874,-0.717584648885
875,-0.544745454799
876,-0.524688127884
877,-0.539492559108
878,-0.567844221327
879,-0.52738813646
880,-0.521432525884
881,-0.647125181678
882,-0.541237867161
883,-0.507646734119
884,-0.621881396314
885,-0.513642036971
886,-0.626857969038
887,-0.558570497035
888,-0.704147015278
889,-0.512126098861
890,-0.508693399501
891,-0.557966228771
892,-0.70092127342
893,-0.532647932314
894,-0.515554185405
895,-0.6024085847
896,-0.45656616912
897,-0.821617500202
898,-0.53315271181
899,-0.543121939851
900,-0.699244574786
901,0.197784817726
902,0.059818500955
903,0.340460312977
904,0.332318469892
905,0.456037139674
906,0.448748356977
907,0.432444086051
908,0.561719602335
909,0.597209043259
910,0.68888531281
911,0.551606653313
912,0.745199215741
913,0.717923431776
914,0.371711515916
915,0.458680253718
916,0.296330660105
917,0.263169917735
918,0.373852392975
919,0.38116504555
920,0.266192942282
921,0.123140967676
922,0.404780386642
923,0.532938066033
924,0.474014289012
925,0.428896682426
926,0.443464595027
927,0.335898744714
928,0.330137539921
929,0.397933836299
930,0.35346538768
931,0.207115579621
932,0.312081735949
933,0.453794065545
934,0.21656740618
935,0.148858931227
936,0.15241601405
937,0.146135514669
938,-0.0293833961581
939,-0.15470004824
940,-0.316262849092
941,-0.541061752381
942,-0.540149600094
943,-0.650933220772
944,-0.656808991102
945,-0.7665483531
946,-0.394612575759
947,-0.0400361206961
948,0.133236204512
949,0.266396883417
950,0.270630335883
951,0.508774283894
952,0.656111656728
953,0.62529452499
954,0.830049793793
955,0.83998298716
956,0.767468281358
957,0.95683874845
958,1.06251189551
959,1.19144615961
960,1.14382958977
961,0.944774952705
962,0.818557965
963,0.687356608667
964,0.61615941032
965,0.698748772519
966,0.572605166197
967,0.559260305023
968,0.497987802713
969,0.572052024674
970,0.62170805175
971,0.971938770286
972,0.87762058114
973,1.2888575988
974,1.08341155279
975,1.25714347442
976,1.64225432258
977,1.28670053748
978,1.52980279509
979,1.50817442932
980,1.21280932166
981,1.35960741958
982,1.66546059524
983,1.41363165806
984,1.30529480406
985,1.01600804361
986,0.551976926915
987,0.34930975571
988,0.234215280745
989,-0.00261660847022
990,0.133340610346
991,-0.16187991296
992,-0.182111571629
993,-0.193428922522
994,0.102546471267
995,0.491577223788
996,0.438482783738
997,0.531658561125
998,0.633263005911
999,0.684477020963
1000,0.564009333933
1001,-0.590682331275
1002,-0.461201512819
1003,-0.579067110756
1004,-0.560335570559
1005,-0.627153813801
1006,-0.263908943003
1007,-0.430945675357
1008,-0.376267668231
1009,-0.518257938963
1010,-0.306567226502
1011,-0.747541416948
1012,-0.281020514491
1013,-0.534224057829
1014,-0.50857394676
1015,-0.641578817228
1016,-0.681492099009
1017,-0.663550812455
1018,-0.632769604034
1019,-0.532817943374
1020,-0.460236283142
1021,-0.453445813831
1022,-0.286900769008
1023,0.371216687677
1024,0.65336919457
1025,0.790518269169
1026,0.718779256662
1027,0.137666096598
1028,-0.249301509893
1029,-0.485609064873
1030,-0.47519308982
1031,-0.561864829186
1032,-0.592927975844
1033,-0.551588781126
1034,-0.629277759552
1035,-0.605325975684
1036,-0.667866298056
1037,-0.703654313507
1038,-0.689444033669
1039,-0.722043938899
1040,-0.589476933148
1041,-0.620461473686
1042,-0.560966647641
1043,-0.550957243559
1044,-0.628766806478
1045,-0.666625719161
1046,-0.737862338137
1047,-0.44677412303
1048,-0.303393339254
1049,-0.0177441153089
1050,0.172308841899
1051,-0.00708445620569
1052,0.227374171673
1053,0.249719625348
1054,0.225721208601
1055,0.344863489697
1056,0.28838952086
1057,0.459656839254
1058,0.319178102001
1059,0.450146698555
1060,0.568938676951
1061,0.451114538111
1062,0.538130650498
1063,0.715316843754
1064,0.553386213054
1065,0.440165506894
1066,0.205458798643
1067,0.0228272035639
1068,-0.10591337332
1069,-0.214927263388
1070,-0.414780629432
1071,-0.565315273581
1072,-0.610037420754
1073,-0.684575264961
1074,-0.620413238209
1075,-0.461157695098
1076,0.0160106978022
1077,0.260975841545
1078,0.442706928779
1079,0.558557809249
1080,0.659612586883
1081,0.648192186412
1082,0.608553865922
1083,0.833475092304
1084,0.688100538105
1085,0.684859153895
1086,0.707175422543
1087,0.67622332995
1088,0.581550738177
1089,0.00178721079449
1090,-0.209930142518
1091,-0.583615923809
1092,-0.66828405309
1093,-0.623458733889
1094,-0.538086827038
1095,-0.553004427557
1096,-0.467233115622
1097,-0.507957686236
1098,-0.467044354761
1099,-0.644328501605
1100,-0.476528162461
1101,-0.388626515266
1102,-0.394267615453
1103,-0.383386232967
1104,-0.35495273786
1105,-0.167536408035
1106,0.343745532133
1107,0.613822054712
1108,1.27911935699
1109,1.10613540893
1110,0.89685462201
1111,1.03987661719
1112,0.802921246956
1113,0.385483957764
1114,0.0901991838952
1115,-0.0746553345817
1116,-0.319211638264
1117,-0.35316076235
1118,-0.359435905866
1119,-0.401133709029
1120,-0.45954398747
1121,-0.350852282625
1122,-0.419100719855
1123,-0.442557757038
1124,-0.473201416031
1125,-0.344736092426
1126,-0.508978173331
1127,-0.443589877222
1128,-0.469425313008
1129,-0.461197449773
1130,-0.436343590262
1131,-0.457021402882
1132,-0.45936722533
1133,-0.399443469698
1134,-0.363487246975
1135,-0.287397509039
1136,-0.187922785459
1137,-0.155713512614
1138,-0.209007076374
1139,-0.29343898284
1140,-0.305202958272
1141,-0.471086897962
1142,-0.455970012433
1143,-0.637302568814
1144,-0.574759101146
1145,-0.585478681279
1146,-0.643761931925
1147,-0.678933532154
1148,-0.733218236896
1149,-0.751014968178
1150,-0.674163492952
1151,-0.706591913485
1152,-0.556095095531
1153,-0.462784748478
1154,-0.495464908775
1155,-0.306223196646
1156,-0.044255927369
1157,0.0831259686898
1158,0.0857923882066
1159,0.24310290807
1160,0.196229616266
1161,0.212663001943
1162,0.159011505037
1163,-0.0384606457283
1164,-0.269982609608
1165,-0.431526537039
1166,-0.614893260773
1167,-0.6445987747
1168,-0.62900867083
1169,-0.868808949414
1170,-0.859920540242
1171,-0.762428456341
1172,-0.585725035634
1173,-0.695577402923
1174,-0.778725078853
1175,-0.726746618738
1176,-0.587365543566
1177,-0.529004022242
1178,-0.386664751929
1179,-0.226669657408
1180,-0.0308172669638
1181,0.2800814334
1182,0.302301984598
1183,0.525212582153
1184,0.470416778792
1185,0.487713656461
1186,0.429448605629
1187,0.180091427219
1188,-0.286424008579
1189,-0.451297144958
1190,-0.489548840707
1191,-0.645842522772
1192,-0.616008848352
1193,-0.572521066625
1194,-0.687049140574
1195,-0.696735477902
1196,-0.789030066852
1197,-0.617714620283
1198,-0.754347360395
1199,-0.661573400433
1200,-0.527323303308
1201,-0.471934757941
1202,-0.530298538791
1203,-0.840610848375
1204,-0.659271284171
1205,-0.457771143321
1206,-0.465258519501
1207,-0.282062062529
1208,-0.325420640327
1209,0.0473533788372
1210,0.0651387316379
1211,0.17137829172
1212,0.201917343487
1213,0.386596497099
1214,0.421668787981
1215,0.220141106883
1216,0.489703774264
1217,0.264046647828
1218,-0.0165012251747
1219,-0.34163201041
1220,-0.396268417778
1221,-0.571624348905
1222,-0.540306760697
1223,-0.672037889364
1224,-0.732654599847
1225,-0.972430230229
1226,-0.36995358786
1227,-0.110120017798
1228,0.397017762176
1229,0.457257200579
1230,0.437533429146
1231,0.609910733381
1232,0.716294066895
1233,0.595612615193
1234,0.792419694788
1235,0.833958737409
1236,0.598085378115
1237,0.710294400409
1238,0.700892775641
1239,0.775907364075
1240,0.939599649816
1241,0.104160371241
1242,-0.468346812497
1243,-0.625111467179
1244,-0.670783075369
1245,-0.75561935884
1246,-1.12688313852
1247,-0.753187375936
1248,-0.749109784351
1249,-0.779306476328
1250,-0.684125149009
1251,-0.245669343814
1252,0.268531397795
1253,0.402448598465
1254,0.445135311964
1255,0.521122514136
1256,0.649542669104
1257,0.666459948494
1258,0.64273974957
1259,0.712444779177
1260,0.81894360093
1261,0.992941446745
1262,0.988624742504
1263,0.785443162665
1264,0.803791200194
1265,0.241246395407
1266,-0.408442233517
1267,-0.772165911598
1268,-1.13448044544
1269,-1.09000420161
1270,-0.937494017029
1271,-0.687249791752
1272,-0.63186657501
1273,-0.68635690667
1274,-0.759252679624
1275,-0.0814068001297
1276,0.0468854749879
1277,0.313673198894
1278,0.397436988336
1279,0.686135873574
1280,0.371688102496
1281,0.59567087356
1282,0.649648950391
1283,0.520932526188
1284,0.623267543435
1285,0.628678714926
1286,0.523614632954
1287,0.595315648799
1288,0.469083682877
1289,0.0616770055754
1290,-0.753006329722
1291,-0.77584440221
1292,-0.824239402836
1293,-0.634187375653
1294,-0.559323260608
1295,-0.743303949654
1296,-0.577800093386
1297,-0.691642106393
1298,-1.09301691013
1299,-0.723266922614
1300,-0.604015561241
1301,0.426121433281
1302,0.348018001054
1303,0.344081885725
1304,0.26748750738
1305,0.0122267505992
1306,0.52036669417
1307,0.562003882194
1308,0.153327605096
1309,0.279377975251
1310,0.310420064725
1311,0.441836009273
1312,0.214129448992
1313,0.304834726357
1314,0.355532069414
1315,0.38001627571
1316,0.278148640704
1317,0.286170452391
1318,0.355138983014
1319,0.312211752061
1320,0.245694961596
1321,0.406008679598
1322,0.264002926592
1323,0.54758735673
1324,0.1619290836
1325,0.21193115549
1326,0.314404560086
1327,0.490588040785
1328,0.284793154027
1329,0.183725758781
1330,0.0749356220683
1331,0.788130128321
1332,0.348184813832
1333,-0.0590992386572
1334,0.465835091615
1335,0.153699143498
1336,0.400331992144
1337,0.43478471072
1338,0.323312374235
1339,0.231190955681
1340,0.346047171723
1341,0.574562098193
1342,0.221103785386
1343,0.575024681516
1344,0.556129233895
1345,0.33682185714
1346,0.0725082660741
1347,0.335597591936
1348,0.447129517437
1349,0.303122667332
1350,0.295882042373
1351,0.226165922588
1352,0.416116772284
1353,0.289170395954
1354,0.233627783885
1355,0.381022635862
1356,0.358490079439
1357,0.41536727203
1358,0.106913169816
1359,0.50540201925
1360,0.245312052035
1361,0.434077281682
1362,0.243235996592
1363,0.197441087207
1364,0.36416388659
1365,0.249418846117
1366,0.100765128385
1367,0.253090897242
1368,0.4644956737
1369,0.292399829424
1370,0.505385115151
1371,0.14143212697
1372,0.412432915953
1373,0.0492004413936
1374,0.332293071529
1375,0.459999823699
1376,0.114264444057
1377,0.0653623281219
1378,0.121750773635
1379,0.450081252962
1380,0.155470245286
1381,0.197284509651
1382,0.240772488594
1383,0.639735444935
1384,0.0933130193657
1385,0.232049034251
1386,0.226577792676
1387,0.496684756257
1388,0.164016430769
1389,0.103300976413
1390,0.183216258525
1391,0.183947454315
1392,0.162135153121
1393,0.519593229978
1394,0.19798993499
1395,0.464980994872
1396,0.0196324026273
1397,0.183398255327
1398,0.260168168372
1399,0.307559263601
1400,0.275420804185
1401,-0.836445756891
1402,-0.964850768903
1403,-0.812535503518
1404,-0.599303876376
1405,-0.359931970412
1406,-0.159154727141
1407,-0.0726368670808
1408,0.0840531066534
1409,0.151949211975
1410,0.0751579075571
1411,0.218802311847
1412,0.149227625488
1413,0.326375815121
1414,0.377182326348
1415,0.212004855475
1416,-0.0541565360052
1417,-0.366315680581
1418,-0.717444252589
1419,-0.78949298527
1420,-0.646751530098
1421,-0.684723278665
1422,-0.591990075058
1423,-0.456896378775
1424,-0.472666587331
1425,-0.491527978762
1426,-0.48163800492
1427,-0.569018672797
1428,-0.742040893385
1429,-0.860379589875
1430,-0.817347762624
1431,-0.762076575055
1432,-0.75832346053
1433,-0.730734767061
1434,-0.61674758486
1435,-0.503553382239
1436,-0.585399918623
1437,-0.5176306719
1438,-0.61715048444
1439,-0.746605479241
1440,-0.741659759116
1441,-0.799130694335
1442,-0.788584472057
1443,-0.448711959888
1444,-0.284128170876
1445,-0.181258945756
1446,-0.0641079713926
1447,0.18625396259
1448,0.242577615889
1449,0.162747583536
1450,0.054176024166
1451,-0.185756563892
1452,-0.403856337228
1453,-0.46291030971
1454,-0.593728665748
1455,-0.751407451229
1456,-0.751353215487
1457,-0.676508297324
1458,-0.760214263277
1459,-0.996995140096
1460,-0.701002286441
1461,-0.785022737746
1462,-0.697470812704
1463,-0.715322194589
1464,-0.649333149157
1465,-0.507802741962
1466,-0.423346930221
1467,-0.244684009361
1468,-0.0662379639461
1469,0.210922070703
1470,0.176473059452
1471,0.424742322579
1472,0.465098385397
1473,0.442951106603
1474,0.653499313985
1475,0.295679943211
1476,-0.259224864894
1477,-0.493885056839
1478,-0.494773662326
1479,-0.657191511312
1480,-0.624879963366
1481,-0.802066230646
1482,-0.697860610735
1483,-0.611264076937
1484,-0.82649309465
1485,-0.799384768905
1486,-0.712894357278
1487,-0.821596735591
1488,-0.539217964491
1489,-0.43612022407
1490,-0.190911398159
1491,0.182722861466
1492,0.543251481188
1493,0.865207896331
1494,0.996110864233
1495,1.0246841506
1496,1.06251261251
1497,1.00024382483
1498,0.489109115476
1499,0.352573948273
1500,0.00545199566918
1501,-0.245191909024
1502,-0.258913582594
1503,-0.282770311745
1504,-0.339390223899
1505,-0.285783253253
1506,-0.365152865119
1507,-0.30740043415
1508,-0.229016600556
1509,-0.212455573704
1510,-0.0593965893574
1511,0.0720713021146
1512,0.357697018655
1513,0.535322523757
1514,0.732074529256
1515,0.925081543025
1516,0.918904167454
1517,0.687760696014
1518,0.697015045893
1519,0.487375684184
1520,0.23150493412
1521,-0.112152856215
1522,-0.128868091591
1523,-0.220775988324
1524,-0.318490549711
1525,-0.340530262528
1526,-0.374112100374
1527,-0.378858048918
1528,-0.419926989303
1529,-0.485482999164
1530,-0.496053974458
1531,-0.4369578661
1532,-0.301238158658
1533,-0.00588961046006
1534,0.606080921289
1535,0.943615486126
1536,1.19139092838
1537,1.39482838434
1538,1.41010951331
1539,1.61544376754
1540,1.73348149743
1541,1.60339531161
1542,1.4527378518
1543,1.34765467131
1544,0.839699486754
1545,0.226434353115
1546,-0.0790575538259
1547,-0.20371070132
1548,-0.276046389191
1549,-0.342221359351
1550,-0.452845996572
1551,-0.455180178997
1552,-0.415918706501
1553,-0.481616936105
1554,-0.632230820004
1555,-0.523709899462
1556,-0.176214512142
1557,0.391245027288
1558,0.796164578803
1559,1.39752010013
1560,1.63078935201
1561,1.78463444936
1562,1.9493246759
1563,1.90885406075
1564,2.0452682374
1565,2.22368580234
1566,1.88194864932
1567,1.47530436317
1568,0.95354106195
1569,0.35808630121
1570,0.157874715206
1571,-0.100089382992
1572,-0.248107057956
1573,-0.327966147448
1574,-0.333070972704
1575,-0.440656305584
1576,-0.442932300019
1577,-0.522818758168
1578,-0.476142630604
1579,-0.456191806783
1580,-0.184978675542
1581,0.347424725481
1582,0.73423444176
1583,1.47972251541
1584,1.76473782213
1585,1.96381755051
1586,2.0363944757
1587,2.16243705637
1588,2.21765566407
1589,2.12767740108
1590,1.91462698432
1591,1.46854650679
1592,1.05343071364
1593,0.553064929768
1594,0.257509068609
1595,0.112357386179
1596,-0.0151601685215
1597,-0.192607208014
1598,-0.254289710626
1599,-0.375822654867
1600,-0.469576043502
1601,-0.447931777156
1602,-0.303337016059
1603,-0.445054853995
1604,-0.52702742434
1605,-0.342057055204
1606,-0.492326527419
1607,-0.473687747659
1608,-0.3895592183
1609,-0.437009120196
1610,-0.473641866159
1611,-0.298999943029
1612,-0.447860009219
1613,-0.57063059297
1614,-0.45549565816
1615,-0.408923963093
1616,-0.539464196877
1617,-0.39765950889
1618,-0.543116279251
1619,-0.605116163484
1620,-0.576606057283
1621,-0.467367962506
1622,-0.396528276746
1623,-0.528256071577
1624,-0.492117708236
1625,-0.423887546237
1626,-0.352522984263
1627,-0.578444606823
1628,-0.328911207805
1629,-0.463752346514
1630,-0.452373591373
1631,-0.51266520767
1632,-0.4665088433
1633,-0.335815662782
1634,-0.429417886382
1635,-0.651768896996
1636,-0.354656493235
1637,-0.394835836094
1638,-0.240348998935
1639,-0.491764899004
1640,-0.494828237686
1641,-0.73143378764
1642,-0.40434570434
1643,-0.500054295413
1644,-0.416668134645
1645,-0.716802878804
1646,-0.320044546105
1647,-0.479228912131
1648,-0.517556311104
1649,-0.465158795647
1650,-0.495607581071
1651,-0.340892227826
1652,-0.561007364517
1653,-0.517269816672
1654,-0.397699450807
1655,-0.133037294427
1656,-0.525533348083
1657,-0.529879822434
1658,-0.343840481966
1659,-0.397045117343
1660,-0.525047113822
1661,-0.690581069843
1662,-0.467076046509
1663,-0.422795201987
1664,-0.278761905945
1665,-0.403776677285
1666,-0.42861460654
1667,-0.435527924553
1668,-0.613361845377
1669,-0.449997809945
1670,-0.581251345091
1671,-0.648389776716
1672,-0.528144618582
1673,-0.479974754069
1674,-0.46752399991
1675,-0.388159627184
1676,-0.376161656248
1677,-0.488687293814
1678,-0.506612171224
1679,-0.589240118428
1680,-0.673641195967
1681,-0.435408223205
1682,-0.550158952834
1683,-0.604679415245
1684,-0.400910121947
1685,-0.605307301304
1686,-0.448417923291
1687,-0.467570130808
1688,-0.591809849624
1689,-0.415021059807
1690,-0.469301777507
1691,-0.33768534655
1692,-0.534930650842
1693,-0.492589971561
1694,-0.476850284614
1695,-0.354391485682
1696,-0.494387971524
1697,-0.574258123422
1698,-0.654431950914
1699,-0.393648694715
1700,-0.500146205351
1701,0.486444714438
1702,0.569132037239
1703,0.610584803479
1704,0.563809782436
1705,0.829572319439
1706,0.573331184662
1707,0.453422421522
1708,0.333943662591
1709,0.29235585283
1710,0.476073362802
1711,0.386437207506
1712,0.461312364612
1713,0.598371993389
1714,0.516389665985
1715,0.620369210166
1716,1.09632123791
1717,0.785633351513
1718,1.00417440555
1719,0.967382778579
1720,1.19102599263
1721,1.30677708342
1722,1.48970899904
1723,1.40444238574
1724,1.40219536233
1725,0.953346861388
1726,0.602128098983
1727,0.562157727292
1728,0.725410269927
1729,0.537141472213
1730,0.56064892773
1731,0.484767187756
1732,0.419624784726
1733,0.416420338499
1734,0.445415364705
1735,0.506901338653
1736,0.527587568143
1737,0.646425934195
1738,0.580904748558
1739,0.597029190612
1740,0.506364236182
1741,0.623589724411
1742,0.527238629184
1743,0.439154552801
1744,0.61956600394
1745,0.44946525281
1746,0.655821017779
1747,0.698809214805
1748,0.565724303699
1749,0.587508776478
1750,0.489132320807
1751,0.452839015591
1752,0.391954081924
1753,0.427954906639
1754,0.463158304856
1755,0.235028248182
1756,0.315227798945
1757,0.247658886374
1758,0.00868773273522
1759,0.409080619053
1760,0.518716333123
1761,0.585059855986
1762,0.505453941641
1763,0.612995798053
1764,0.46953931191
1765,0.52550105944
1766,0.555542703958
1767,0.585648799222
1768,0.380015004014
1769,0.597151410012
1770,0.606876340838
1771,0.354205148107
1772,0.426443566564
1773,0.431504871439
1774,0.357611655584
1775,0.185446435953
1776,0.0463394696281
1777,0.00414016940789
1778,0.0996609579195
1779,0.156718415902
1780,-0.0379601258286
1781,-0.0473558163906
1782,0.0412699236
1783,-0.175544443868
1784,0.0663977350794
1785,0.0810036006645
1786,0.257557329848
1787,0.257967590704
1788,0.306913169306
1789,0.358338876227
1790,0.348959162132
1791,0.434959766469
1792,0.345346746621
1793,0.669543269253
1794,0.756479778304
1795,0.583604847152
1796,0.508198153964
1797,0.5318733218
1798,0.639050229134
1799,0.414653554758
1800,0.47863158387
